rank,uri,artist_names,track_name,source,peak_rank,previous_rank,days_on_chart,streams
1,"spotify:track:0DWdj2oZMBFSzRsi2Cvfzf","KAROL G, Shakira","TQG","UMLE - Latino",1,1,9,"1115567"
2,"spotify:track:4FAKtPVycI4DxoOHC01YqD","Yandel, Feid","Yandel 150","La Leyenda LLC",1,2,74,"667326"
3,"spotify:track:1DxEbt6OSbrkRthk6pjZue","LiL CaKe, Migrantes, Nico Valdi","MERCHO","Sony Music Argentina",2,3,42,"607562"
4,"spotify:track:0Sfn2TYbpQtCGMBf6C0Y6T","Quevedo, Myke Towers","PLAYA DEL INGLÉS","Quevedo",1,4,80,"583423"
5,"spotify:track:4nrPB8O7Y7wsOCJdgXkthe","Bizarrap, Shakira","Shakira: Bzrp Music Sessions, Vol. 53","DALE PLAY Records",1,6,52,"536534"
6,"spotify:track:0Iozrbed8spxoBnmtBMshO","Quevedo","WANDA","Quevedo",2,5,44,"491085"
7,"spotify:track:5ww2BF9slyYgNOk37BlC4u","Manuel Turizo","La Bachata","Sony Music Latin/La Industria",1,7,282,"487338"
8,"spotify:track:4WiQA1AGWHFvaxBU6bHghs","Quevedo","PUNTO G","Quevedo",1,8,121,"463556"
9,"spotify:track:20CozgjF6bshBw8cLhN23B","Vicco","Nochentera","Sony Music Entertainment",9,9,31,"430997"
10,"spotify:track:2mnXxnrX5vCGolNkaFvVeM","Arcángel, Bad Bunny","La Jumpa","Rimas Entertainment LLC.",1,11,95,"403053"
11,"spotify:track:1dw7qShk971xMD6r6mA4VN","KAROL G, Quevedo","PERO TÚ","UMLE - Latino",9,10,9,"374395"
12,"spotify:track:04ndZkbKGthTgYSv3xS7en","TINI","Cupido","5020 Records",12,12,18,"374106"
13,"spotify:track:1zsPaEkglFvxjAhrM8yhpr","Ozuna, Feid","Hey Mor","Aura Music Corp.",2,13,149,"366673"
14,"spotify:track:0yLdNVWF3Srea0uzk55zFn","Miley Cyrus","Flowers","Columbia",2,14,51,"358392"
15,"spotify:track:2tTmW7RDtMQtBk7m2rYeSw","Bizarrap, Quevedo","Quevedo: Bzrp Music Sessions, Vol. 52","DALE PLAY Records",1,16,242,"352693"
16,"spotify:track:4NoOME4Dhf4xgxbHDT7VGe","KAROL G, Romeo Santos","X SI VOLVEMOS","UMLE - Latino",9,15,30,"318972"
17,"spotify:track:38UYeBLfvpnDSG9GznZdnL","Gorillaz, Bad Bunny","Tormenta (feat. Bad Bunny)","Parlophone UK",17,17,9,"312795"
18,"spotify:track:0CYTGMBYkwUxrj1MWDLrC5","Feid","CHORRITO PA LAS ANIMAS","UMLE - Latino",18,19,93,"284176"
19,"spotify:track:5qP24CrDI0rmY5zwRvUfzU","Quevedo","AHORA QUÉ","Quevedo",2,18,45,"281766"
20,"spotify:track:06s3QtMJVXw1AJX3UfvZG1","Anuel AA, Bad Bunny","Hasta Que Dios Diga","2020 Real Hasta La Muerte, LLC",1,23,423,"278177"
21,"spotify:track:2SiAcexM2p1yX6joESbehd","ROSALÍA","LLYLM","Columbia",2,20,37,"274007"
22,"spotify:track:5q86iSKkBtOoNkdgEDY5WV","Quevedo","VISTA AL MAR","Quevedo",2,22,178,"272356"
23,"spotify:track:0FirgnvrpCkkhdaq64Gfen","Quevedo","YANKEE","Quevedo",7,21,44,"271845"
24,"spotify:track:0NO2zL0kw8sGGnaMvHKAZF","Cris Mj, Duki, Nicki Nicole, Standly, Stars Music Chile","Marisola - Remix","Virgin Music Chile",18,24,79,"270869"
25,"spotify:track:4EQOGfssbSpTlV6EZRtrSv","Myke Towers, Daddy Yankee","ULALA (OOH LA LA)","WEA Latina",15,25,100,"269356"
26,"spotify:track:2CeKVsFFXG4QzA415QygGb","Feid","Feliz Cumpleaños Ferxxo","UMLE - Latino",9,27,198,"263581"
27,"spotify:track:16dUQ4quIHDe4ZZ0wF1EMN","KAROL G, Ovy On The Drums","CAIRO","UMLE - Latino",13,28,111,"253012"
28,"spotify:track:3mFNc5EQn30irR983Wg9OD","KAROL G, Bad Gyal, Sean Paul","KÁRMIKA","UMLE - Latino",20,26,9,"249787"
29,"spotify:track:53tfEupEzQRtVFOeZvk7xq","ROSALÍA","DESPECHÁ","Columbia",1,32,220,"239894"
30,"spotify:track:2I0aHZjCXh6UjMHIOqugYF","Rauw Alejandro, Angel Dior","TAMO EN NOTA","Sony Music Latin/Duars Entertainment",29,29,20,"237534"
31,"spotify:track:4uVEdikP5eLUy8Dq6gjiPV","Rauw Alejandro, Daddy Yankee","PANTIES Y BRASIERES","Sony Music Latin/Duars Entertainment",18,30,38,"226825"
32,"spotify:track:7hlPoVZ1uz7FiQagPTVbQG","Daviles de Novelda, Abraham Mateo","Te Miro A La Cara","Sony Music Entertainment",27,31,37,"219731"
33,"spotify:track:2hLXUbsOU9cDb9RFva9FYr","Mora, Jhayco","MEMORIAS","Rimas Entertainment LLC",6,36,338,"212765"
34,"spotify:track:0xCRFfgIHOsmovVZzrFCoT","Rvfv, Morad, Pablo Mas","Dominicana","NASTU MUSIC",12,35,93,"212636"
35,"spotify:track:6OzUIp8KjuwxJnCWkXp1uL","Wisin & Yandel, ROSALÍA","Besos Moja2","Sony Music Latin",6,33,156,"212084"
36,"spotify:track:3pjvkWO9fqiRRBE1tDLu3S","Quevedo, Ovy On The Drums","SIN SEÑAL","Quevedo",4,40,226,"204085"
37,"spotify:track:3vKYvbzB7801a5qd47pxkm","Mora, Quevedo","APA","Rimas Entertainment LLC",1,34,121,"203208"
38,"spotify:track:5jt25aFjW2kNoBqaEVaz5W","Mora, Feid","LA INOCENTE","Rimas Entertainment LLC",7,38,338,"200812"
39,"spotify:track:3szqC0lxrJdhn3eW6FfFfo","Bad Gyal","Chulo","Universal Music Latino/Interscope",15,37,23,"195414"
40,"spotify:track:5yocaqYG38qpSSxV1t0o3D","Quevedo, Omar Montes","DAME","Quevedo",9,39,44,"191709"
41,"spotify:track:5S8i9p2xS8M8pFqfZMbMzI","Rauw Alejandro, Subelo NEO","RON COLA","Sony Music Latin/Duars Entertainment",12,43,105,"190907"
42,"spotify:track:54ELExv56KCAB4UP9cOCzC","Ñengo Flow, Bad Bunny","Gato de Noche","Rimas Entertainment LLC",5,42,72,"188645"
43,"spotify:track:51FvjPEGKq2zByeeEQ43V9","Marshmello, Manuel Turizo","El Merengue","Sony Music Latin",43,45,2,"186518"
44,"spotify:track:31jtlGwefCdtqNOSpLq82U","Saiko, Came Beats","Polaris","2022 Saiko",39,41,39,"186513"
45,"spotify:track:3HqcNJdZ2seoGxhn0wVNDK","KAROL G","PROVENZA","UMLE - Latino",2,46,317,"181155"
46,"spotify:track:7MVIfkyzuUmQ716j8U7yGR","Taiu, Milo j","Rara Vez","Universal Music Argentina S.A.",32,44,15,"180400"
47,"spotify:track:4yPmTUkWmUfLPQLCccp0DR","TINI, La Joaqui, Steve Aoki","Muñecas","5020 Records",38,49,51,"171214"
48,"spotify:track:3xfWkp003WhKYWAk6vO0wv","Saiko, The Prodigiez","Sikora","2023 SAIKO",31,47,23,"165992"
49,"spotify:track:6G12ZafqofSq7YtrMqUm76","Shakira, Ozuna","Monotonía","Sony Music Latin",4,52,136,"160747"
50,"spotify:track:2ypbIXW3a7fsLdLtLpZWDZ","Duki","Si Me Sobrara el Tiempo","DALE PLAY Records / SSJ Records",23,48,16,"155998"
51,"spotify:track:5x17YrAwajDUCqB8zT9ElY","Tiago PZK, Myke Towers","Traductor","WEA Latina",21,55,233,"146235"
52,"spotify:track:0T2pB7P1VdXPhLdQZ488uH","Feid","Normal","UMLE - Latino",15,53,240,"146128"
53,"spotify:track:3XjvMZqm2AQ8thMCD6w9w2","Anuel AA, Mambo Kingz, DJ Luian","Mas Rica Que Ayer","Real Hasta La Muerte, LLC & Hear This Music, LLC",50,50,2,"145809"
54,"spotify:track:3l9YiADzNmEvBfZVPEF49F","Mora","CALENTÓN","Rimas Entertainment LLC",4,54,156,"141682"
55,"spotify:track:6otePxalBK8AVa20xhZYVQ","KAROL G","MIENTRAS ME CURO DEL CORA","UMLE - Latino",46,51,9,"139948"
56,"spotify:track:3nsAcKRQ4MoNSKiwECG0Yv","Ana Mena, Natalia Lacunza","Me He Pillao x Ti","Sony Music Entertainment",52,56,9,"138827"
57,"spotify:track:2rurDawMfoKP4uHyb2kJBt","Shakira, Rauw Alejandro","Te Felicito","Sony Music Latin",3,65,317,"136043"
58,"spotify:track:5R2hNuiiwnKVAUNktF9j2Y","sangiovanni, Aitana","mariposas","Universal Music Italia srL. (Sugar)",11,60,275,"135600"
59,"spotify:track:4I4FFtKZLtyqw4he9pPtL7","Lauty Gram","Vida Gangster","Lautygram",57,57,30,"134812"
60,"spotify:track:2vsoD8S1OyrWSVIA43hjaU","Feid","Si Te La Encuentras Por Ahí","UMLE - Latino",7,58,212,"133935"
61,"spotify:track:7r5QwyDzxyikU1Kbkfz6FM","Lola Indigo, Luis Fonsi","CORAZONES ROTOS","Universal Music Spain S.L.",41,59,58,"133225"
62,"spotify:track:6Sq7ltF9Qa7SNFBsV5Cogx","Bad Bunny, Chencho Corleone","Me Porto Bonito","Rimas Entertainment LLC",2,63,303,"131940"
63,"spotify:track:41oY4WCTj5kccfesTVFnvN","Bad Bunny, Jhayco","Tarot","Rimas Entertainment LLC",2,62,303,"128599"
64,"spotify:track:1IHWl5LamUGEuP4ozKQSXZ","Bad Bunny","Tití Me Preguntó","Rimas Entertainment LLC",1,69,303,"128560"
65,"spotify:track:0EpdLuptraYGFZ6J7HNSLc","Ana Mena, Belinda","LAS 12","Epic",14,68,261,"125151"
66,"spotify:track:3k3NWokhRRkEPhCzPmV8TW","Bad Bunny, Bomba Estéreo","Ojitos Lindos","Rimas Entertainment LLC",2,66,303,"122487"
67,"spotify:track:6ylDpki1VpIsc525KC1ojF","Sebastian Yatra","Tacones Rojos","UMLE - Latino",2,77,499,"117657"
68,"spotify:track:50naDXYjnGlLgrE7yUxsok","Quevedo","LISBOA","Quevedo",13,64,44,"116222"
69,"spotify:track:7oDd86yk8itslrA9HRP2ki","The Weeknd, Ariana Grande","Die For You - Remix","XO / Republic Records",55,67,9,"116154"
70,"spotify:track:4UGqAW9i7NtE5mW9xzm6yk","Rauw Alejandro, Baby Rasta","PUNTO 40","Sony Music Latin/Duars Entertainment",5,72,163,"113518"
71,"spotify:track:6i1g5ZRmJZAkDwBaUZ3f2i","Luar La L","Caile","La Mafia Urbana Corp.",4,76,215,"110548"
72,"spotify:track:1r9Lbgiags0gJAS15Ygmc5","Natos y Waor, Al Safir","Gold Diggers","Natos y Waor",43,61,9,"109736"
73,"spotify:track:4Rjq1TZbF0bDstOs6SiI6J","Polimá Westcoast, Quevedo, Mora","LACONE","Sony Music Entertainment Chile S.A",9,71,100,"109637"
74,"spotify:track:4Dvkj6JhhA12EX05fT7y2e","Harry Styles","As It Was","Columbia",7,73,338,"107234"
75,"spotify:track:7dT6ccDqmMHvz5C0d8iUND","Abraham Mateo, Ana Mena","Quiero Decirte","Sony Music Entertainment",39,75,273,"106401"
76,"spotify:track:0TkIQ2I48rz4kpk1XpfyHq","Rvfv, Rels B","Mi Luz (ft. Rels B)","NASTU MUSIC",6,82,401,"105120"
77,"spotify:track:0WtM2NBVQNNJLh6scP13H8","Rema, Selena Gomez","Calm Down (with Selena Gomez)","Mavin Records / Jonzing World",36,80,133,"103658"
78,"spotify:track:79Mko9WRph1VIsxiUom4zv","Myke Towers","Solo $exo","WEA Latina",52,74,19,"103385"
79,"spotify:track:0fLOPPoyIaPTe8dm2Mrft3","Anuel AA","Tú No Lo Amas","2018 Real Hasta La Muerte, Inc.",75,85,50,"102791"
80,"spotify:track:4uUG5RXrOk84mYEfFvj3cK","David Guetta, Bebe Rexha","I'm Good (Blue)","Parlophone UK",20,79,189,"102670"
81,"spotify:track:5TMLavqGRKNxgzMBrVpC9R","zzoilo, Aitana","Mon Amour - Remix","Universal Music Spain S.L.",1,87,565,"101813"
82,"spotify:track:3gOI5aQD4mOMLsP3aWrkon","KAROL G","TUS GAFITAS","UMLE - Latino",48,70,9,"101361"
83,"spotify:track:2lmWwBLVJ2P0HX491zkYws","Eladio Carrion","Mbappe","Rimas Entertainment LLC",8,78,107,"100312"
84,"spotify:track:7FlQk2gJ6TBrHHiidvdR2O","Becky G, KAROL G","MAMIII","Kemosabe Records/RCA Records",2,83,387,"99494"
85,"spotify:track:1LiN0Z98FkR1t0m8KmLcAH","Anuel AA, Haze","Amanece","House of Haze",5,102,454,"99227"
86,"spotify:track:6VAS7m73rDopQe7BdrFMpD","Bizarrap, Tiago PZK","Tiago PZK: Bzrp Music Sessions, Vol. 48","DALE PLAY Records",1,91,431,"98722"
87,"spotify:track:6mmPpaltUZK7xjNlBPQQ0p","Rauw Alejandro, Chencho Corleone","Desesperados","Sony Music Latin/Duars Entertainment",1,86,450,"98619"
88,"spotify:track:1U6oVlu9LhCCj7mRfsomDp","Ana Mena","Un Clásico","Sony Music Entertainment",51,81,44,"95527"
89,"spotify:track:03a359wbiUsjN9h6yzXvmS","Duki, KHEA","She Don't Give a Fo","DALE PLAY Records",13,93,1048,"94455"
90,"spotify:track:2oW52tBeJNSv93Ct5AJb8q","Sebastian Yatra","Una Noche Sin Pensar","UMLE - Latino",68,88,16,"94221"
91,"spotify:track:1aUq8rjW1EwkAkMri4VfJy","Rauw Alejandro, Lyanno, Brray","LOKERA","Sony Music Latin/Duars Entertainment",13,90,222,"93708"
92,"spotify:track:1A9PKAFEHMWgXNLpgf7k4J","Myke Towers","Piensan","2020 One World Music & Casablanca Records | Powered by GLAD Empire, LL",27,97,234,"90234"
93,"spotify:track:4jhHaLksdP8DJZzxYAjOSz","Eladio Carrion, Bad Bunny","Kemba Walker","Rimas Entertainment LLC",60,92,447,"90193"
94,"spotify:track:5zfUKIkOzlbzPNOsQD9VGC","Belén Aguilera","GALGO","Belén Aguilera",77,84,9,"89712"
95,"spotify:track:6Vn1vje8yMw2OY6IOk9dkH","KAROL G, Maldy","GATÚBELA","UMLE - Latino",22,89,181,"89653"
96,"spotify:track:5S7FewmYYyLNdMOfeEcB6P","Mora","COMO HAS ESTAU?","Rimas Entertainment LLC",9,95,121,"89513"
97,"spotify:track:3nfICwo20uiFdEGzgNUSrG","Aitana, Nicki Nicole","Formentera","Universal Music Spain S.L.",1,103,457,"88752"
98,"spotify:track:1O2pcBJGej0pmH2Y9XZMs6","Cris Mj","Una Noche en Medellín","Nabru Records LLC",1,106,377,"88621"
99,"spotify:track:7MkylDYvKTSuWgrsBhHlsG","Bizarrap, Duki","Duki: Bzrp Music Sessions, Vol. 50","DALE PLAY Records",1,94,109,"88428"
100,"spotify:track:7jtQIBanIiJOMS6RyCx6jZ","Tom Odell","Another Love","ITNO/Columbia",51,98,345,"88415"
101,"spotify:track:5Eax0qFko2dh7Rl2lYs3bx","Bad Bunny","Efecto","Rimas Entertainment LLC",9,101,303,"87657"
102,"spotify:track:5R7l05dglCrUX0qjZ1Eec1","Cyril Kamer","Cinderella","22 Los Rebeldes distributed by Altafonte",12,112,241,"86834"
103,"spotify:track:1sbNEFiURUYfy024cJX8JG","Feid","Ferxxo 100","UMLE - Latino",44,96,274,"83984"
104,"spotify:track:0quM3iWAOKw9OGIMBsppSC","India Martinez, Melendi","SI ELLA SUPIERA","Sony Music Entertainment",45,100,173,"83618"
105,"spotify:track:70JnnNNAxPjvZGPwjJfX47","La La Love You, Axolotes Mexicanos","El Fin del Mundo","Subterfuge Records",36,104,956,"82408"
106,"spotify:track:0CLVh9I8uHfuyorOdLFim7","Beret, Estopa","Diablo","WM Spain",22,99,184,"82225"
107,"spotify:track:6Xom58OOXk2SoU711L2IXO","Bad Bunny","Moscow Mule","Rimas Entertainment LLC",1,118,303,"80795"
108,"spotify:track:0NZPBYD5qbEWRs3PrGiRkT","Sam Smith, Kim Petras","Unholy (feat. Kim Petras)","Capitol Records UK / EMI",30,110,163,"80586"
109,"spotify:track:15wMJJiVpt2ABQw032Rywi","Quevedo","No Me digas Nada","Quevedo",9,109,152,"78965"
110,"spotify:track:1F205Nl2feOSYSztLNOJAL","Eladio Carrion, Brytiago","3 Am","Rimas Entertainment LLC",96,116,194,"78914"
111,"spotify:track:3fjN3y5x4hN53rykAN2LHQ","Rels B","cómo dormiste?","DALE PLAY Records / Flakk Team",7,108,212,"78824"
112,"spotify:track:25MXhQD6t6jkWhYcuGBcjt","Belén Aguilera","ANTAGONISTA","Must Producciones",20,105,43,"78548"
113,"spotify:track:3rdAz1fbUfZxYgaCviYhRo","Rauw Alejandro","Todo De Ti","Sony Music Latin/Duars Entertainment",1,121,654,"78002"
114,"spotify:track:2LgxW2t2H6lAf7tJuOnxxj","Duki","Antes de Perderte","DALE PLAY Records / SSJ Records",16,111,274,"77859"
115,"spotify:track:4iaNmAvcZ6sPGvgZ6vQQdx","Quevedo, Linton","Ahora y Siempre","Quevedo",4,113,404,"77646"
116,"spotify:track:0fea68AdmYNygeTGI4RC18","J Balvin, Bad Bunny","LA CANCIÓN","Universal Music Latino / Rimas",5,117,1068,"76629"
117,"spotify:track:6ebo7CQn4ILLGvXRmXHhQz","TINI, Maria Becerra","Miénteme","5020 Records",3,124,674,"76052"
118,"spotify:track:31i56LZnwE6uSu3exoHjtB","Bad Bunny","Neverita","Rimas Entertainment LLC",9,122,303,"75571"
119,"spotify:track:0otoSS2m3QjbDLzsHMobgK","Justin Quiles, Myke Towers","Whiskey y Coco","WEA Latina",27,114,51,"75450"
120,"spotify:track:2JPLbjOn0wPCngEot2STUS","Bad Bunny","Yonaguni","Rimas Entertainment LLC",2,125,639,"75261"
121,"spotify:track:6ifUES3keWjwXgae8pXI3o","Danny Ocean","Me Rehúso","Atlantic Records",1,127,1666,"74972"
122,"spotify:track:76OGwb5RA9h4FxQPT33ekc","Rosa Linn","SNAP","Columbia",68,123,242,"72582"
123,"spotify:track:6C1RD7YQVvt3YQj0CmuTeu","Bad Bunny, Ozuna, Farruko, Arcángel, Ñengo Flow, DJ Luian, Mambo Kingz","Diles","Rimas Entertainment LLC",72,129,795,"72224"
124,"spotify:track:1j4yhkxSCEDmiLVKjpYKWq","Daddy Yankee, Justin Quiles, Dalex","LA HORA Y EL DÍA","Republic Records",78,120,16,"72067"
125,"spotify:track:1b62AO1IzcVr5SOgoguc9o","Eladio Carrion, Bizarrap, Duki","Sin Frenos","Rimas Entertainment LLC",34,126,309,"71835"
126,"spotify:track:5WxYU8RRzy5X0kC6Fx9SpI","C. Tangana, NATHY PELUSO","Ateo","Sony Music Entertainment",1,130,513,"71795"
127,"spotify:track:2beS6dD5rovBxSA1zYoSHR","Jhayco, J Balvin, Bad Bunny","No Me Conoce - Remix","N&E Entertainment LLC",4,128,1301,"70949"
128,"spotify:track:6sHBvzRsuGunQTfCk18KXi","Juan Magán","Bailando por Ahi","Columbia",128,153,10,"70626"
129,"spotify:track:3jUDqkHatwtprUmZ8epP8P","KAROL G, Sech","DAÑAMOS LA AMISTAD","UMLE - Latino",66,107,9,"70489"
130,"spotify:track:4FjkjrvfbB3C4eUqWlw3vB","Rvfv, Pablo Mas","Mami","NASTU MUSIC",13,148,371,"69073"
131,"spotify:track:1FlL8ycld6uVDDyhV7P5FA","Rauw Alejandro","Cúrame","Sony Music Latin/Duars Entertainment",2,133,618,"68599"
132,"spotify:track:1VauUM5CBX7nkLcgafQL2B","Bizarrap, Eladio Carrion","Eladio Carrion: Bzrp Music Sessions, Vol. 40","DALE PLAY Records",11,136,542,"68424"
133,"spotify:track:2J8lIDwvxPZQQ0I0wt1oRO","Ptazeta, Lola Indigo","Tiki Tiki","Interscope Records",93,147,30,"68085"
134,"spotify:track:0G2zPzWqVjR68iNPmx2TBe","Mora, Bad Bunny, Sech","Volando - Remix","Rimas Entertainment LLC",3,132,605,"68062"
135,"spotify:track:7eTv2OTr3aY5iKtFdBusoA","KAROL G","BESTIES","UMLE - Latino",59,119,9,"67620"
136,"spotify:track:04d4GpLedinwpfctvgOIhY","Quevedo, La Pantera","Piel de Cordero","Quevedo",1,131,391,"67494"
137,"spotify:track:4bycD60yZgR6anIBtmU8UH","KAROL G, Carla Morrison","MAÑANA SERÁ BONITO","UMLE - Latino",87,115,9,"67073"
138,"spotify:track:1Qrg8KqiBpW07V7PNxwwwL","SZA","Kill Bill","Top Dawg Entertainment/RCA Records",77,141,72,"66982"
139,"spotify:track:6odrHMSLjP3aOXC4ipKUC6","Yng Lvcas","La Bebe","Yng Lvcas",111,134,18,"66323"
140,"spotify:track:4HYDUMY0xSpeBr0AMY9cUz","Jay Wheeler, DJ Nelson, Myke Towers","La Curiosidad","Linked Music / Dynamic Records / EMPIRE",2,149,924,"66138"
141,"spotify:track:0Bv7O6fmZk3GrNQFYJaXPn","La Pantera, Quevedo, Juseph, Abhir Hathi, Bejo, Cruz Cafuné, EL IMA","Cayó La Noche (feat. Cruz Cafuné, Abhir Hathi, Bejo, EL IMA) [Remix]","La Pantera",1,143,415,"65825"
142,"spotify:track:4hceSKjrkDTO0nMKFcb3sj","Bizarrap, Villano Antillano","Villano Antillano: Bzrp Music Sessions, Vol. 51","DALE PLAY Records",4,145,269,"65602"
143,"spotify:track:63ZedTAVRCICh2CNLWnsPZ","Beny Jr, Morad, K y B","Sigue","K y B",14,150,338,"65325"
144,"spotify:track:7Cg58yt6PVyvckydVLRZsp","Miranda!, Emilia","Uno los Dos","Sony Music Argentina",144,162,2,"65005"
145,"spotify:track:1Sym1HsTqsa2pYKhYL1j15","Eladio Carrion, Rels B","Me Gustas Natural","Rimas Entertainment LLC",50,139,444,"63917"
146,"spotify:track:6DoL1yYIwEW7VZMRaJhoJI","Chris Jedi, Anuel AA, Chencho Corleone, Ñengo Flow","La Llevo Al Cielo (Ft. Ñengo Flow)","UMLE - Latino",7,156,289,"63861"
147,"spotify:track:6WU2eYUtOL91iROonROPyh","Bad Gyal, Quevedo","Real G","Universal Music Latino/Interscope",9,135,93,"63679"
148,"spotify:track:6J3kt4eAqRffh5lBuHJJSO","Rauw Alejandro, Playero","DE CAROLINA","Sony Music Latin/Duars Entertainment",90,152,94,"62762"
149,"spotify:track:6gN4xor5X60aNKrvyjMBPU","Quevedo","CUÉNTALE","Quevedo",11,142,44,"62744"
150,"spotify:track:2bbwjxA68m9PHZFWgF1fze","Duki","GIVENCHY","DALE PLAY Records / SSJ Records",3,138,227,"62626"
151,"spotify:track:6yNIT5iO7lUGOFDLG5CPJC","Rauw Alejandro","CORAZÓN DESPEINADO","Sony Music Latin/Duars Entertainment",41,144,87,"62475"
152,"spotify:track:4SMeOd5Fb7Rp92ODZTWCHV","Quevedo, JC Reyes","MUÑECA","Quevedo",16,140,44,"62095"
153,"spotify:track:4iGnpp1h0i33lpoP42Y8Jt","Aitana, Emilia, Ptazeta","Quieres","Universal Music Spain S.L.",22,151,226,"61895"
154,"spotify:track:4MzXwWMhyBbmu6hOcLVD49","Bad Bunny, Jhayco","DÁKITI","Rimas Entertainment LLC",1,164,856,"61388"
155,"spotify:track:0eVborSuxUeSg0meWYd9dZ","Fito y Fitipaldis","Soldadito marinero","DRO/EastWest Spain",111,166,1758,"60473"
156,"spotify:track:5ddFjrPG8NgQQ6xlOQIVd2","C. Tangana, Niño de Elche, La Húngara","Tú Me Dejaste De Querer","Sony Music Entertainment",1,167,850,"60389"
157,"spotify:track:17BqQS5Cj899fQR8e6gvk9","Omar Montes, Farruko","Patio de la Cárcel - Tangos","Sony Music Latin",13,158,100,"60172"
158,"spotify:track:73vIOb4Q7YN6HeJTbscRx5","Oliver Tree, Robin Schulz","Miss You","Atlantic Records",43,154,144,"60145"
159,"spotify:track:0poQY3RMThmIiutOGv3yH3","Maria Becerra","AUTOMÁTICO","300 Entertainment",16,165,177,"59830"
160,"spotify:track:3v1dCP3hk2djfWryqfp7sx","Melendi","Caminando por la vida","Parlophone Spain",138,178,499,"59712"
161,"spotify:track:1HNcDOIGo9CE4sZoK5mhCq","Juseph, Cruz Cafuné, Wiso Rivera","Muchoperro","Juseph",21,161,184,"59450"
162,"spotify:track:3GaGWoU1KfVqgl7vnRHP55","C. Tangana","Demasiadas Mujeres","Sony Music Entertainment",1,168,877,"58769"
163,"spotify:track:2NMjggapJcXXM7WccGEBUO","Bad Bunny","Enséñame a Bailar","Rimas Entertainment LLC",14,177,296,"58255"
164,"spotify:track:4YPb50baBdGc1qF8bCmZ13","Omar Montes, Jairo deRemache, Farruquito","La Llama del Amor - Riega Este Querer - Rumba/Alborea","Sony Music Latin",6,176,253,"57637"
165,"spotify:track:1VB4sadHjFcFklHcZuoROi","Estopa","Como Camarón","Ariola",125,183,790,"57484"
166,"spotify:track:7k3qWn8D43a5ISa3x8lJux","Anuel AA","¿Qué Nos Pasó?","Real Hasta La Muerte, LLC",48,-1,237,"57303"
167,"spotify:track:5n2XTRsYFlZwNBp06KAjDX","Cosculluela, Bad Bunny","Madura","Rottweilas, Inc.",7,-1,322,"57254"
168,"spotify:track:20NeR3CwuyGfRktTncKRU7","Pablo Alborán, Maria Becerra","Amigos (con Maria Becerra)","WM Spain",49,155,114,"57069"
169,"spotify:track:0dKg2vGC1hFqcK5LGTaKzX","KAROL G, Nicki Minaj","Tusa","UMLE - Latino",1,175,760,"56884"
170,"spotify:track:6AQbmUe0Qwf5PZnt4HmTXv","PinkPantheress, Ice Spice","Boy's a liar Pt. 2","Warner Records",118,182,17,"56618"
171,"spotify:track:0rvbMTIWwMZaMC9UnubDPb","Mora","DOMINGO DE BOTE","Rimas Entertainment LLC",3,173,121,"56532"
172,"spotify:track:655JkvIwu2rDCaD1hPf04g","Sebastian Yatra, Myke Towers","Pareja Del Año","UMLE - Latino",1,174,687,"56492"
173,"spotify:track:2mzDRrBn6M6rWX4bGzd1uQ","Chimbala","Feliz","Chimbala",17,192,255,"56380"
174,"spotify:track:3MBNAfBXIq9fI2Sez8EcNX","Duki, De La Ghetto, Quevedo","Si Quieren Frontear","DALE PLAY Records / SSJ Records",1,169,337,"56286"
175,"spotify:track:20RGQHWvqyyacpuxMBeLsZ","El Taiger, DJ Conds","La Historia","El Taiger",4,179,595,"56209"
176,"spotify:track:3JCaq3KDSROg3TXhdiDa9n","Jhayco, Anuel AA","Ley Seca","N&E Entertainment LLC",2,-1,539,"56192"
177,"spotify:track:4srcMdbm2qzVG98tJajHxp","Alejo, Feid, ROBI","Pantysito","UMLE - Latino",1,193,349,"56159"
178,"spotify:track:3tTzInzRZC7kRMK1sRfT14","Marta Santos","La Bachata","Virgin Music Spain",154,160,15,"55180"
179,"spotify:track:6stWVqWxtPPednHy1mzoOz","Rvfv, Kikimoteleba","Tigini (Remix)","NASTU MUSIC",2,-1,271,"54845"
180,"spotify:track:3SK45LddxlEkzI8OWO9Eyo","C. Tangana, Gipsy Kings, Nicolás Reyes, Tonino Baliardo","Ingobernable","Sony Music Entertainment",2,-1,720,"54692"
181,"spotify:track:3hKFVBIUvDyigbQLZR4z9H","Enol, Marmi","SANTORINI (feat. Marmi)","WM Spain",145,163,12,"54570"
182,"spotify:track:7B8Oux2lcjPTfInXAbabbx","Recycled J, Selecta","150 CANCIONES","WM Spain",20,137,30,"54427"
183,"spotify:track:1rEsfHhBFTuTPekF8M5O3f","TINI","La Triple T","5020 Records",113,195,87,"54421"
184,"spotify:track:4YBgxy0sK4ykesIYuLldxz","Quevedo","ME FALTA ALGO","Quevedo",19,170,44,"54346"
185,"spotify:track:57Ba26w9eoXx8BBUNgRNLV","Super Yei, Jone Quest, Sammy, Myke Towers, Lenny Tavárez, Rafa Pabön","La Forma en Que Me Miras","2020 Superiority | Powered by GLAD EMPIRE, LLC",55,189,335,"54250"
186,"spotify:track:5yAIrkplUEpMNeojW8Q30o","KAROL G, Justin Quiles, Angel Dior","OJOS FERRARI","UMLE - Latino",62,146,9,"54033"
187,"spotify:track:5q2JbCNi4FcnglgPfxcV65","Anuel AA, Daddy Yankee, Zion & Lennox, Farruko, Wisin","Sola (Remix)","Spiff TV, LLC / Real Hasta La Muerte, Inc.",10,-1,529,"53927"
188,"spotify:track:55oRR1s2W1xX2evrUCaOSb","La La Love You, Samuraï","El Principio de algo","Subterfuge Records",80,159,35,"53779"
189,"spotify:track:3pDhN3qB33AOPhQEkUCaWt","Daddy Yankee","Limbo","Capitol Latin",153,-1,7,"53772"
190,"spotify:track:505v13epFXodT9fVAJ6h8k","KAROL G","AMARGURA","UMLE - Latino",102,157,9,"53650"
191,"spotify:track:0QHEIqNKsMoOY5urbzN48u","Meghan Trainor","Made You Look","Epic",104,181,123,"53636"
192,"spotify:track:24UStI5AYA7g5ufFDh3LH0","Fito y Fitipaldis","Por la boca vive el pez","DRO/Spain",148,197,146,"53413"
193,"spotify:track:6ynErSDSlxqsxg0D3LJ8sK","Daviles de Novelda","Flamenco y Bachata","Sony Music Entertainment",2,-1,735,"53313"
194,"spotify:track:5cp1Nx2K3FUWIH6Rzt8u33","Omar Montes, Khaled, Kaydy Cain, Yung Beef","Si Tú Te Vas (feat. Yung Beef) - Remix","Sony Music Latin",6,-1,198,"53070"
195,"spotify:track:6Y46tOTRhkBamosyuWa6YX","ROSALÍA, The Weeknd","LA FAMA","Columbia",1,-1,469,"52720"
196,"spotify:track:559YUIWxUc8Mx4lsla13Ff","Mora, YOVNGCHIMI","MODELITO","Rimas Entertainment LLC",13,-1,61,"52542"
197,"spotify:track:0FDTPGlLjF8SGWSsHyzNBe","Rels B","pa quererte","DALE PLAY Records / Flakk Team",16,171,121,"52541"
198,"spotify:track:6PscyC1oeC9LRxWcw6YqDZ","Maka","Te Comía","Duende & Pureza S.L.",110,187,37,"52537"
199,"spotify:track:6JIC3hbC28JZKZ8AlAqX8h","Elton John, Dua Lipa, PNAU","Cold Heart - PNAU Remix","EMI",33,-1,535,"52389"
200,"spotify:track:2B4GHvToeLTOBB4QLzW3Ni","Farruko","Pepas","Sony Music Latin",1,-1,585,"52327"
